,obj_type,Farmer ID,t,budget,crop_id,cellcount
0,Trader,44,0,489.1597,0,1
1,Trader,44,1,500.5513681778208,0,1
2,Trader,44,2,502.715346536793,0,1
3,Trader,44,3,504.1121424484408,2,1
4,Trader,44,4,505.70260979140966,0,1
5,Trader,44,5,508.53370979140965,3,2
6,Trader,44,6,507.7185936233354,2,3
7,Trader,44,7,538.4741848498949,1,3
8,Trader,44,8,545.1050705641804,2,4
9,Trader,44,9,547.589137664837,1,5
10,Trader,44,10,566.2086597245526,2,5
11,Trader,44,11,568.5355320576999,3,5
12,Trader,44,12,570.640620088244,2,5
13,Trader,44,13,612.5846933513072,1,6
14,Trader,44,14,664.3144604340913,2,6
15,Trader,44,15,682.4609045213089,1,6
16,Trader,44,16,688.8679730444122,1,6
17,Trader,44,17,665.7746605507548,3,7
18,Trader,44,18,653.2218344766424,0,8
19,Trader,44,19,652.7091234785298,2,9
20,Trader,44,20,693.6809763712317,2,9
21,Trader,44,21,700.5602656618468,2,9
22,Trader,44,22,697.9990057175891,0,9
23,Trader,44,23,698.6792670060422,2,9
24,Trader,44,24,703.1875165981395,3,9
25,Trader,44,25,707.6403632706418,1,9
26,Trader,44,26,719.7987623733578,1,9
27,Trader,44,27,707.9711499413437,0,10
28,Trader,44,28,693.5701101202375,3,11
29,Trader,44,29,696.3750010560507,1,12
30,Trader,44,30,814.0698213015421,0,12
31,Trader,44,31,813.5795589692736,3,12
32,Trader,44,32,828.1324118270296,1,12
33,Trader,44,33,806.2043808340185,2,12
34,Trader,44,34,810.3984782071096,0,12
35,Trader,44,35,819.4645320633227,0,13
36,Trader,44,36,790.3964919678666,2,14
37,Trader,44,37,825.1884404802873,1,14
38,Trader,44,38,838.8688326999217,1,14
39,Trader,44,39,823.2148709918764,2,14
40,Trader,44,40,831.9166439802488,2,14
41,Trader,44,41,829.403557426796,1,14
42,Trader,44,42,834.4666919978134,1,14
43,Trader,44,43,817.424167147538,2,14
44,Trader,44,44,809.6376977809819,0,14
45,Trader,44,45,798.0303816666269,2,14
46,Trader,44,46,792.5001804240432,1,14
47,Trader,44,47,797.4021676585716,1,14
48,Trader,44,48,800.421714288258,1,14
49,Trader,44,49,802.560515952041,1,14
50,Trader,44,50,784.639753637035,2,14
51,Trader,44,51,778.5435664937264,1,14
52,Trader,44,52,780.9112665585495,1,14
53,Trader,44,53,782.4590754548112,1,14
54,Trader,44,54,763.7708931111703,2,14
55,Trader,44,55,765.3792258085394,2,14
56,Trader,44,56,766.3892734818764,2,14
57,Trader,44,57,767.2070318118425,2,14
58,Trader,44,58,767.9609190567858,2,14
59,Trader,44,59,760.0798184928386,1,14
60,Trader,44,60,761.3485721406945,1,14
61,Trader,44,61,750.5938257297116,0,14
62,Trader,44,62,770.6845313501516,1,14
63,Trader,44,63,752.3326539851687,2,14
64,Trader,44,64,753.976315277725,2,14
65,Trader,44,65,755.4187678723291,2,14
66,Trader,44,66,748.207354424374,1,14
67,Trader,44,67,750.0658603629181,1,14
68,Trader,44,68,751.4697277217982,1,14
69,Trader,44,69,732.781825778137,2,14
70,Trader,44,70,713.6035679347513,0,14
71,Trader,44,71,710.0737170307555,1,14
72,Trader,44,72,711.298733851118,1,14
73,Trader,44,73,692.443721019731,2,14
74,Trader,44,74,684.98943863194,1,14
75,Trader,44,75,686.1826831452835,1,14
76,Trader,44,76,655.594135041149,2,14
77,Trader,44,77,656.8899517483047,2,14
78,Trader,44,78,649.5246522874309,1,14
79,Trader,44,79,630.3843905694067,2,14
80,Trader,44,80,619.5297764520352,0,14
81,Trader,44,81,642.8485008222054,0,14
82,Trader,44,82,648.7545463809362,0,14
83,Trader,44,83,642.5630480588892,1,14
84,Trader,44,84,643.5432967791069,1,14
85,Trader,44,85,624.6366984349074,2,14
86,Trader,44,86,617.3724175422369,1,14
87,Trader,44,87,618.5229363846829,1,14
88,Trader,44,88,599.7602547450457,2,14
89,Trader,44,89,589.5230879051652,0,14
90,Trader,44,90,576.1562051119461,2,14
91,Trader,44,91,577.4813186591608,2,14
92,Trader,44,92,570.1790663273705,1,14
93,Trader,44,93,571.1754397110135,1,14
94,Trader,44,94,552.1629299134222,2,14
95,Trader,44,95,553.5556122072248,2,14
96,Trader,44,96,554.4277975283917,2,14
97,Trader,44,97,546.6109508961132,1,14
98,Trader,44,98,547.4372747251515,1,14
99,Trader,44,99,548.1865956101989,1,14
100,Trader,44,100,529.0060210118008,2,14
101,Trader,44,101,529.9163919726777,2,14
102,Trader,44,102,530.7106831736844,2,14
103,Trader,44,103,531.4866479574673,2,14
104,Trader,44,104,532.0511597680859,2,14
105,Trader,44,105,520.7235909069884,0,14
106,Trader,44,106,500.87762777660816,1,14
107,Trader,44,107,501.7784399157897,1,14
108,Trader,44,108,502.61762729210386,1,14
109,Trader,44,109,503.40248446171825,1,14
110,Trader,44,110,503.8272738389056,1,14
111,Trader,44,111,484.34985611342677,2,14
112,Trader,44,112,485.10939829467077,2,14
113,Trader,44,113,476.93824682560614,1,14
114,Trader,44,114,457.3786243558076,2,14
115,Trader,44,115,449.3609022430846,1,14
116,Trader,44,116,429.905585745415,2,14
117,Trader,44,117,430.54525124030334,2,14
118,Trader,44,118,422.55479865244934,1,14
119,Trader,44,119,403.1021312594104,2,14
120,Trader,44,120,403.80149602616234,2,14
121,Trader,44,121,392.45337515477786,0,14
122,Trader,44,122,378.43955178081313,2,14
123,Trader,44,123,379.2578432085676,2,14
124,Trader,44,124,371.442140633147,1,14
125,Trader,44,125,360.358207582022,0,14
126,Trader,44,126,351.34747704065546,2,14
127,Trader,44,127,352.0698996793824,2,14
128,Trader,44,128,352.78077732132556,2,14
129,Trader,44,129,344.89762372685755,1,14
130,Trader,44,130,345.5420281447895,1,14
131,Trader,44,131,346.1768859730326,1,14
132,Trader,44,132,346.6415024521339,1,14
133,Trader,44,133,346.9941494943571,1,14
134,Trader,44,134,327.4344270531972,2,14
135,Trader,44,135,316.32326652405686,0,14
136,Trader,44,136,305.5813811432219,2,14
137,Trader,44,137,306.5041141948635,2,14
138,Trader,44,138,295.5508338707024,0,14
139,Trader,44,139,274.331573347119,1,14
140,Trader,44,140,274.79824425870765,1,14
141,Trader,44,141,275.33899459289324,1,14
142,Trader,44,142,275.7816054929981,1,14
143,Trader,44,143,256.36290635045845,2,14
144,Trader,44,144,245.06863142044614,0,14
145,Trader,44,145,222.46211414338134,1,14
146,Trader,44,146,222.86409913162225,1,14
147,Trader,44,147,223.30283906174722,1,14
148,Trader,44,148,211.98000106081687,0,14
149,Trader,44,149,201.76910980985326,2,14
150,Trader,44,150,202.65046511764612,2,14
151,Trader,44,151,194.9667338807759,1,14
152,Trader,44,152,195.42971588922873,1,14
153,Trader,44,153,175.77863044128748,2,14
154,Trader,44,154,176.28135708224463,2,14
155,Trader,44,155,165.07451706607333,0,14
156,Trader,44,156,155.02270703542243,2,14
157,Trader,44,157,155.9162743695773,2,14
158,Trader,44,158,156.7625226849518,2,14
159,Trader,44,159,148.76063551656566,1,14
160,Trader,44,160,137.3451043298605,0,14
161,Trader,44,161,150.88515349846648,0,14
162,Trader,44,162,145.81739028390007,1,14
163,Trader,44,163,126.40005821590933,2,14
164,Trader,44,164,127.13358985546424,2,14
165,Trader,44,165,127.94131817891001,2,14
166,Trader,44,166,128.6135935537775,2,14
167,Trader,44,167,129.27732985798667,2,14
168,Trader,44,168,129.93076472449366,2,14
169,Trader,44,169,130.5625695590626,2,14
170,Trader,44,170,131.16500779868684,2,14
171,Trader,44,171,123.11621544827366,1,14
172,Trader,44,172,123.50746028172952,1,14
173,Trader,44,173,123.87583850836185,1,14
174,Trader,44,174,124.22392696424482,1,14
175,Trader,44,175,124.55392660191929,1,14
176,Trader,44,176,124.86775770233886,1,14
177,Trader,44,177,105.23836702204301,2,14
178,Trader,44,178,97.10121255821805,1,14
179,Trader,44,179,97.36854417075358,1,14
180,Trader,44,180,97.62921629674999,1,14
181,Trader,44,181,97.92133408669345,1,14
182,Trader,44,182,78.31840501707582,2,14
183,Trader,44,183,78.82817803086682,2,14
184,Trader,44,184,70.73293561823652,1,14
185,Trader,44,185,71.0238615946377,1,14
186,Trader,44,186,71.2801887115473,1,14
187,Trader,44,187,71.53178953272925,1,14
188,Trader,44,188,71.78038874320163,1,14
189,Trader,44,189,72.0206851246523,1,14
190,Trader,44,190,72.28835686205065,1,14
191,Trader,44,191,52.625903594160654,2,14
192,Trader,44,192,53.16124899376716,2,14
193,Trader,44,193,53.711557886092834,2,14
194,Trader,44,194,54.17111727436922,2,14
195,Trader,44,195,54.65393546805436,2,14
196,Trader,44,196,55.13771575731415,2,14
197,Trader,44,197,55.60808354691159,2,14
198,Trader,44,198,56.07812979899664,2,14
199,Trader,44,199,56.54727105724968,2,14
200,Trader,44,200,57.01559012353068,2,14
201,Trader,44,201,57.48315797212596,2,14
202,Trader,44,202,49.32603912352873,1,14
203,Trader,44,203,49.63144794634566,1,14
204,Trader,44,204,49.92844573561791,1,14
205,Trader,44,205,50.21771458650249,1,14
206,Trader,44,206,30.61133434597869,2,14
207,Trader,44,207,31.164620535990093,2,14
208,Trader,44,208,31.684501079005603,2,14
209,Trader,44,209,23.580152109022258,1,14
210,Trader,44,210,23.863714269820996,1,14
211,Trader,44,211,4.252521389004169,2,14
212,Trader,44,212,4.79585966882873,2,14
213,Trader,44,213,5.308059494348077,2,14
214,Trader,44,214,5.804537786965826,2,14
215,Trader,44,215,6.286318410796929,2,14
216,Trader,44,216,6.768170229522131,2,14
217,Trader,44,217,7.248821876948504,2,14
218,Trader,44,218,7.71906828498007,2,14
219,Trader,44,219,8.179539286481125,2,14
220,Trader,44,220,8.630765830523785,2,14
221,Trader,44,221,0.4492393114672729,1,14
222,Trader,44,222,0.753834550807267,1,14
223,Trader,44,223,1.0524760791007042,1,14
224,Trader,44,224,1.3455819707590497,1,14
225,Trader,44,225,1.6335171989711594,1,14
226,Trader,44,226,1.9165485993298197,1,14
227,Trader,44,227,2.194106347157668,1,14
228,Trader,44,228,2.4665051667441027,1,14
229,Trader,44,229,2.733976038197704,1,14
230,Trader,44,230,2.9967359826091005,1,14
231,Trader,44,231,3.2549890509603507,1,14
232,Trader,44,232,3.508927406973689,1,14
233,Trader,44,233,3.765995189148231,1,14
234,Trader,44,234,4.0264530922304305,1,14
235,Trader,44,235,4.290372509058101,1,14
236,Trader,44,236,4.557828549866787,1,14
237,Trader,44,237,4.828898646661414,1,14
238,Trader,44,238,5.10366266655827,1,14
239,Trader,44,239,5.382203019211593,1,14
240,Trader,44,240,5.663076409374341,1,14
241,Trader,44,241,5.944499468391281,1,14
242,Trader,44,242,6.226480686616809,1,14
243,Trader,44,243,6.509023118740577,1,14
244,Trader,44,244,6.792129815115529,1,14
245,Trader,44,245,7.075803806726645,1,14
246,Trader,44,246,7.360048106524162,1,14
247,Trader,44,247,7.644865710601818,1,14
248,Trader,44,248,7.930259599281198,1,14
249,Trader,44,249,8.216232738111735,1,14
250,Trader,44,250,8.502788078794975,1,14
251,Trader,44,251,8.78992856004077,1,14
252,Trader,44,252,9.077657108362251,1,14
253,Trader,44,253,9.365976638815617,1,14
254,Trader,44,254,9.654890055690228,1,14
255,Trader,44,255,9.944400253153844,1,14
256,Trader,44,256,10.234510115857391,1,14
257,Trader,44,257,10.525222519503135,1,14
258,Trader,44,258,10.816540331379837,1,14
259,Trader,44,259,11.10846641086802,1,14
260,Trader,44,260,11.401003609918215,1,14
261,Trader,44,261,11.694154773504781,1,14
262,Trader,44,262,11.987922740057646,1,14
263,Trader,44,263,12.282310341874053,1,14
264,Trader,44,264,12.577320405512259,1,14
265,Trader,44,265,12.872955752168943,1,14
266,Trader,44,266,13.169219198041905,1,14
267,Trader,44,267,13.466113554679493,1,14
268,Trader,44,268,13.762674103795701,1,14
269,Trader,44,269,14.05651431001014,1,14
270,Trader,44,270,14.347712501509378,1,14
271,Trader,44,271,14.636336920857651,1,14
272,Trader,44,272,14.800375915734286,1,14
273,Trader,44,273,14.940256723459816,1,14
274,Trader,44,274,15.078937972003356,1,14
275,Trader,44,275,15.216449319874364,1,14
276,Trader,44,276,15.35281940217147,1,14
277,Trader,44,277,15.488075877044139,1,14
278,Trader,44,278,15.622245469551794,1,14
279,Trader,44,279,15.755354013093168,1,14
280,Trader,44,280,15.887426488565394,1,14
281,Trader,44,281,16.018487061400307,1,14
282,Trader,44,282,16.148559116614383,1,14
283,Trader,44,283,16.277665291998602,1,14
284,Trader,44,284,16.405827509565324,1,14
285,Trader,44,285,16.53306700536067,1,14
286,Trader,44,286,16.65940435774328,1,14
287,Trader,44,287,16.783467569259916,1,14
288,Trader,44,288,16.906453111280204,1,14
289,Trader,44,289,17.028384882768286,1,14
290,Trader,44,290,17.149288882043756,1,14
291,Trader,44,291,17.26919020268693,1,14
292,Trader,44,292,17.38811308208896,1,14
293,Trader,44,293,17.507313463610856,1,14
294,Trader,44,294,17.626789101775437,1,14
295,Trader,44,295,17.74583640685302,1,14
296,Trader,44,296,17.864155723816694,1,14
297,Trader,44,297,17.981762677170945,1,14
298,Trader,44,298,18.098671708429485,1,14
299,Trader,44,299,18.21489686633666,1,14
300,Trader,44,300,18.33045181921209,1,14
301,Trader,46,0,488.4357,3,1
302,Trader,46,1,507.6651161078855,3,1
303,Trader,46,2,510.4019523427011,0,1
304,Trader,46,3,511.7987482543489,3,1
305,Trader,46,4,518.0538477599479,1,1
306,Trader,46,5,519.991416269519,1,1
307,Trader,46,6,519.7354316093833,2,1
308,Trader,46,7,527.2754252288074,0,1
309,Trader,46,8,527.9969398163363,2,1
310,Trader,46,9,530.7868065915005,1,1
311,Trader,46,10,537.4821363722957,0,1
312,Trader,46,11,543.0855250376615,1,1
313,Trader,46,12,543.3107900163328,0,1
314,Trader,46,13,550.2594244500342,0,1
315,Trader,46,14,552.8013569225118,0,1
316,Trader,46,15,557.6967797505367,0,1
317,Trader,46,16,559.9613300097903,0,1
318,Trader,46,17,560.7746742662063,2,1
319,Trader,46,18,569.1549678856303,2,1
320,Trader,46,19,558.5503533667132,2,2
321,Trader,46,20,560.1119260150409,1,2
322,Trader,46,21,562.2979780932385,0,2
323,Trader,46,22,556.1235774079407,1,3
324,Trader,46,23,567.3606311308541,3,3
325,Trader,46,24,567.4493567542329,1,4
326,Trader,46,25,567.0574949694865,2,4
327,Trader,46,26,577.2374158647082,1,4
328,Trader,46,27,574.995198556922,2,4
329,Trader,46,28,578.1182314480435,2,4
330,Trader,46,29,578.3358878269433,1,4
331,Trader,46,30,580.0323536498145,1,4
332,Trader,46,31,574.6439529050485,2,4
333,Trader,46,32,623.4268984688916,2,4
334,Trader,46,33,625.7602164798993,2,4
335,Trader,46,34,613.2253213651444,0,5
336,Trader,46,35,617.778281097383,0,5
337,Trader,46,36,615.2733141050601,1,5
338,Trader,46,37,621.2785005217459,1,5
339,Trader,46,38,625.5687902169124,1,5
340,Trader,46,39,627.4943762564303,1,5
341,Trader,46,40,629.1907292427242,1,5
342,Trader,46,41,631.0020906226445,1,5
343,Trader,46,42,624.5334978580728,2,5
344,Trader,46,43,621.879350566048,0,5
345,Trader,46,44,628.2546032086309,0,5
346,Trader,46,45,623.1385912452822,2,5
347,Trader,46,46,624.3067296291623,2,5
348,Trader,46,47,625.1770456370941,2,5
349,Trader,46,48,625.9677720396642,2,5
350,Trader,46,49,626.7948228644502,2,5
351,Trader,46,50,627.6748957613606,2,5
352,Trader,46,51,628.3131113462423,2,5
353,Trader,46,52,621.4085414875111,0,5
354,Trader,46,53,624.1979943004061,0,5
355,Trader,46,54,620.3007738176171,2,5
356,Trader,46,55,617.6610858585309,0,5
357,Trader,46,56,622.5396251940703,0,5
358,Trader,46,57,625.7051919516808,0,5
359,Trader,46,58,618.842592822982,2,5
360,Trader,46,59,616.7006257772713,1,5
361,Trader,46,60,619.338555164834,1,5
362,Trader,46,61,616.3951537273875,0,5
363,Trader,46,62,627.5112178081646,0,5
364,Trader,46,63,628.222788452173,0,5
365,Trader,46,64,628.8940156132029,0,5
366,Trader,46,65,622.3332232414454,2,5
367,Trader,46,66,623.0582705151703,2,5
368,Trader,46,67,620.6203012091306,1,5
369,Trader,46,68,621.2010749958307,1,5
370,Trader,46,69,614.6670548254496,2,5
371,Trader,46,70,615.8302059840108,2,5
372,Trader,46,71,616.5432585448481,2,5
373,Trader,46,72,614.1417691591365,1,5
374,Trader,46,73,603.6090887295937,0,5
375,Trader,46,74,607.4474256004664,0,5
376,Trader,46,75,610.9496106442745,0,5
377,Trader,46,76,614.6856665944925,0,5
378,Trader,46,77,610.25629079913,2,5
379,Trader,46,78,608.3178603176101,1,5
380,Trader,46,79,608.985740171867,1,5
381,Trader,46,80,609.5786593761952,1,5
382,Trader,46,81,609.7716931503098,1,5
383,Trader,46,82,602.8550962211399,2,5
384,Trader,46,83,603.4191933898012,2,5
385,Trader,46,84,600.8597327910164,1,5
386,Trader,46,85,601.2434432064719,1,5
387,Trader,46,86,601.5449382930465,1,5
388,Trader,46,87,591.1715867050018,1,6
389,Trader,46,88,591.3593482989899,1,6
390,Trader,46,89,586.5264434982836,0,6
391,Trader,46,90,589.8647227701376,0,6
392,Trader,46,91,587.6559002964875,1,6
393,Trader,46,92,588.3327203709988,1,6
394,Trader,46,93,588.7992378506376,1,6
395,Trader,46,94,589.2082238618539,1,6
396,Trader,46,95,581.0363486924472,2,6
397,Trader,46,96,581.8664617140294,2,6
398,Trader,46,97,582.5123043949078,2,6
399,Trader,46,98,579.2833058848305,1,6
400,Trader,46,99,579.6521440880133,1,6
401,Trader,46,100,579.9969392409472,1,6
402,Trader,46,101,575.2372695029283,0,6
403,Trader,46,102,570.36224502393,0,7
404,Trader,46,103,563.3063228295084,2,7
405,Trader,46,104,559.929896598913,1,7
406,Trader,46,105,560.5178847407075,1,7
407,Trader,46,106,560.7487001546054,1,7
408,Trader,46,107,560.9225016377665,1,7
409,Trader,46,108,561.0771905817587,1,7
410,Trader,46,109,555.3419306623827,0,7
411,Trader,46,110,560.6915160156389,0,7
412,Trader,46,111,559.4324213432294,1,7
413,Trader,46,112,549.9233728460246,2,7
414,Trader,46,113,544.9954873912258,0,7
415,Trader,46,114,552.9804576738766,0,7
416,Trader,46,115,560.6082866873207,0,7
417,Trader,46,116,561.5268839173337,1,7
418,Trader,46,117,561.9816261326881,1,7
419,Trader,46,118,562.4405392964414,1,7
420,Trader,46,119,562.8775765135374,1,7
421,Trader,46,120,553.067301496368,2,7
422,Trader,46,121,553.4794124327183,2,7
423,Trader,46,122,553.8453254031938,2,7
424,Trader,46,123,554.2203044563388,2,7
425,Trader,46,124,550.2890094948618,1,7
426,Trader,46,125,544.8210574454341,0,7
427,Trader,46,126,550.56065117424,1,7
428,Trader,46,127,550.9337097276921,1,7
429,Trader,46,128,551.2394440510651,1,7
430,Trader,46,129,551.5086065959221,1,7
431,Trader,46,130,541.1109766686551,1,8
432,Trader,46,131,541.2703155340065,1,8
433,Trader,46,132,541.40892845056,1,8
434,Trader,46,133,541.5336499275967,1,8
435,Trader,46,134,541.6503126201103,1,8
436,Trader,46,135,541.7600428203057,1,8
437,Trader,46,136,530.5035472484409,2,8
438,Trader,46,137,530.9362578779053,2,8
439,Trader,46,138,524.5988870251739,0,8
440,Trader,46,139,526.5684320436553,1,8
441,Trader,46,140,527.0002291501921,1,8
442,Trader,46,141,516.0028132082238,2,8
443,Trader,46,142,516.4369982391748,2,8
444,Trader,46,143,510.1414632272884,0,8
445,Trader,46,144,518.1069212481094,0,8
446,Trader,46,145,512.0511043950955,2,8
447,Trader,46,146,512.7673021253307,2,8
448,Trader,46,147,513.5163851597598,2,8
449,Trader,46,148,509.30899543201633,1,8
450,Trader,46,149,509.6828536001347,1,8
451,Trader,46,150,491.8397880688062,2,8
452,Trader,46,151,487.32515322286866,1,8
453,Trader,46,152,480.8438219064497,0,8
454,Trader,46,153,483.79224751146194,1,8
455,Trader,46,154,484.22805198898715,1,8
456,Trader,46,155,473.01747531896694,2,8
457,Trader,46,156,473.44410509398057,2,8
458,Trader,46,157,473.91186474498085,2,8
459,Trader,46,158,474.33202050722787,2,8
460,Trader,46,159,474.71317829871293,2,8
461,Trader,46,160,468.2527417876635,0,8
462,Trader,46,161,469.9839195351491,1,8
463,Trader,46,162,470.4081122050537,1,8
464,Trader,46,163,459.50463119009993,2,8
465,Trader,46,164,460.1989223749335,2,8
466,Trader,46,165,455.79581984864257,1,8
467,Trader,46,166,456.1599038090317,1,8
468,Trader,46,167,456.40388888832246,1,8
469,Trader,46,168,456.54673287798687,1,8
470,Trader,46,169,456.6855104902031,1,8
471,Trader,46,170,456.8218367414915,1,8
472,Trader,46,171,456.9565987141777,1,8
473,Trader,46,172,457.09030453168526,1,8
474,Trader,46,173,457.2181236878426,1,8
475,Trader,46,174,457.34079579919313,1,8
476,Trader,46,175,446.0940941257552,2,8
477,Trader,46,176,446.61859274967827,2,8
478,Trader,46,177,447.0522565318885,2,8
479,Trader,46,178,447.4781347073982,2,8
480,Trader,46,179,442.94451546313167,1,8
481,Trader,46,180,431.81288721590187,2,8
482,Trader,46,181,432.3312757370946,2,8
483,Trader,46,182,432.86638199015584,2,8
484,Trader,46,183,433.337854805792,2,8
485,Trader,46,184,433.64210421229535,2,8
486,Trader,46,185,428.91547665388885,1,8
487,Trader,46,186,429.159345665002,1,8
488,Trader,46,187,429.4002887068213,1,8
489,Trader,46,188,429.63965248216675,1,8
490,Trader,46,189,429.8720931626511,1,8
491,Trader,46,190,418.694741279104,2,8
492,Trader,46,191,419.2202439643249,2,8
493,Trader,46,192,419.7431755596856,2,8
494,Trader,46,193,415.21445057560544,1,8
495,Trader,46,194,415.45841529711095,1,8
496,Trader,46,195,415.6975642193758,1,8
497,Trader,46,196,415.83518390208616,1,8
498,Trader,46,197,415.9682484289168,1,8
499,Trader,46,198,416.1020200351753,1,8
500,Trader,46,199,416.23654591635847,1,8
501,Trader,46,200,416.37186607249527,1,8
502,Trader,46,201,416.50802104225573,1,8
503,Trader,46,202,416.6450519434614,1,8
504,Trader,46,203,416.78300053382685,1,8
505,Trader,46,204,416.91760907002543,1,8
506,Trader,46,205,417.0491482890821,1,8
507,Trader,46,206,405.81305147784616,2,8
508,Trader,46,207,401.4337484458236,1,8
509,Trader,46,208,401.6065910537105,1,8
510,Trader,46,209,401.7368819761308,1,8
511,Trader,46,210,401.8683054013316,1,8
512,Trader,46,211,390.63242171169236,2,8
513,Trader,46,212,391.1718466820038,2,8
514,Trader,46,213,391.680386437139,2,8
515,Trader,46,214,387.2453353752646,1,8
516,Trader,46,215,387.5158215888058,1,8
517,Trader,46,216,387.65384252236004,1,8
518,Trader,46,217,387.7933005709514,1,8
519,Trader,46,218,387.93424573733597,1,8
520,Trader,46,219,388.07672962921015,1,8
521,Trader,46,220,388.2208055405324,1,8
522,Trader,46,221,388.3665285501343,1,8
523,Trader,46,222,388.51395562625856,1,8
524,Trader,46,223,388.65898723779054,1,8
525,Trader,46,224,388.801803033294,1,8
526,Trader,46,225,388.9425588932584,1,8
527,Trader,46,226,389.08133009274155,1,8
528,Trader,46,227,389.2173777730193,1,8
529,Trader,46,228,389.35085470321474,1,8
530,Trader,46,229,389.481872635256,1,8
531,Trader,46,230,389.6105364222416,1,8
532,Trader,46,231,378.3721444866249,2,8
533,Trader,46,232,378.93275506223443,2,8
534,Trader,46,233,379.4700444036181,2,8
535,Trader,46,234,380.0101188136516,2,8
536,Trader,46,235,380.55281288831105,2,8
537,Trader,46,236,381.0981492602029,2,8
538,Trader,46,237,381.64614943895856,2,8
539,Trader,46,238,382.07288634592135,2,8
540,Trader,46,239,382.35392177564813,2,8
541,Trader,46,240,382.63635860839935,2,8
542,Trader,46,241,382.9202084029959,2,8
543,Trader,46,242,383.20548284308313,2,8
544,Trader,46,243,383.4921937393783,2,8
545,Trader,46,244,383.78035303196947,2,8
546,Trader,46,245,384.06997279266557,2,8
547,Trader,46,246,384.3610652274007,2,8
548,Trader,46,247,384.6536426786931,2,8
549,Trader,46,248,384.94771762816134,2,8
550,Trader,46,249,385.24330269909876,2,8
551,Trader,46,250,385.54041065910786,2,8
552,Trader,46,251,385.8390544227975,2,8
553,Trader,46,252,386.139247054543,2,8
554,Trader,46,253,386.4410017713124,2,8
555,Trader,46,254,386.74433194556093,2,8
556,Trader,46,255,387.04925110819397,2,8
557,Trader,46,256,387.3557729516031,2,8
558,Trader,46,257,387.66391133277557,2,8
559,Trader,46,258,387.97368027648,2,8
560,Trader,46,259,388.2850939785308,2,8
561,Trader,46,260,388.59816680913355,2,8
562,Trader,46,261,388.9129133163138,2,8
563,Trader,46,262,389.22934822943216,2,8
564,Trader,46,263,389.54748646278784,2,8
565,Trader,46,264,389.8673431193139,2,8
566,Trader,46,265,390.1889334943667,2,8
567,Trader,46,266,390.5122730796131,2,8
568,Trader,46,267,390.83737756701765,2,8
569,Trader,46,268,391.1642628529337,2,8
570,Trader,46,269,391.4929450423016,2,8
571,Trader,46,270,391.8234404529572,2,8
572,Trader,46,271,392.15576562005447,2,8
573,Trader,46,272,392.48993730060596,2,8
574,Trader,46,273,392.82597247814454,2,8
575,Trader,46,274,393.15667927638356,2,8
576,Trader,46,275,393.4810329908794,2,8
577,Trader,46,276,393.79931721728747,2,8
578,Trader,46,277,394.1117885379622,2,8
579,Trader,46,278,394.41868816238434,2,8
580,Trader,46,279,394.7202430476408,2,8
581,Trader,46,280,395.01666698473247,2,8
582,Trader,46,281,395.3081615840544,2,8
583,Trader,46,282,395.5949171714203,2,8
584,Trader,46,283,395.8771136040999,2,8
585,Trader,46,284,396.15492101520283,2,8
586,Trader,46,285,391.5005004937554,1,8
587,Trader,46,286,391.754559609583,1,8
588,Trader,46,287,392.00413693948093,1,8
589,Trader,46,288,392.25161248400764,1,8
590,Trader,46,289,392.4970333678085,1,8
591,Trader,46,290,392.74045094714745,1,8
592,Trader,46,291,381.61711483022975,2,8
593,Trader,46,292,382.1825481693824,2,8
594,Trader,46,293,382.54998482237846,2,8
595,Trader,46,294,382.828641650687,2,8
596,Trader,46,295,383.10321169244554,2,8
597,Trader,46,296,383.37383832919454,2,8
598,Trader,46,297,383.6406577765313,2,8
599,Trader,46,298,383.9037995502116,2,8
600,Trader,46,299,384.16338689356337,2,8
601,Trader,46,300,384.41953717168434,2,8
602,Trader,47,0,489.384,1,1
603,Trader,47,1,494.0514395697893,2,1
604,Trader,47,2,494.1642042208023,0,1
605,Trader,47,3,496.98160013245007,3,1
606,Trader,47,4,503.23669963804906,1,1
607,Trader,47,5,503.60996814762024,3,1
608,Trader,47,6,508.8545600635831,0,1
609,Trader,47,7,528.7699152477268,1,1
610,Trader,47,8,534.992410485822,2,1
611,Trader,47,9,538.6225772609862,1,1
612,Trader,47,10,544.5939070417813,3,1
613,Trader,47,11,549.1998306542665,3,1
614,Trader,47,12,548.7805482603753,0,1
615,Trader,47,13,558.3575684536845,1,1
616,Trader,47,14,565.1316001161488,2,1
617,Trader,47,15,555.6756129988819,0,2
618,Trader,47,16,558.9727135173891,1,2
619,Trader,47,17,557.2957426861699,3,2
620,Trader,47,18,557.0041199749554,1,2
621,Trader,47,19,581.4376424724776,1,2
622,Trader,47,20,583.6196905285943,1,2
623,Trader,47,21,585.5301005667244,0,2
624,Trader,47,22,591.1877882123094,1,2
625,Trader,47,23,604.6489573609184,1,2
626,Trader,47,24,605.4289761523328,1,2
627,Trader,47,25,593.1964452599595,2,3
628,Trader,47,26,591.2587859313758,2,4
629,Trader,47,27,592.9931676557022,2,4
630,Trader,47,28,595.7043967639808,2,4
631,Trader,47,29,595.9220531428806,1,4
632,Trader,47,30,597.6185189657517,1,4
633,Trader,47,31,597.9220169536387,1,4
634,Trader,47,32,598.5917389247043,1,4
635,Trader,47,33,596.1418112815855,0,4
636,Trader,47,34,605.683638663277,0,4
637,Trader,47,35,607.0210892430152,1,4
638,Trader,47,36,604.0112378956359,2,4
639,Trader,47,37,622.418245413522,1,4
640,Trader,47,38,623.3546585993217,2,4
641,Trader,47,39,614.4783433565573,2,5
642,Trader,47,40,605.7067760356952,2,6
643,Trader,47,41,603.6769303770151,1,6
644,Trader,47,42,584.6424498660705,2,7
645,Trader,47,43,585.9477195284786,2,7
646,Trader,47,44,581.4097309121767,0,7
647,Trader,47,45,584.664129641477,0,7
648,Trader,47,46,575.5434490269572,2,7
649,Trader,47,47,572.0227530334406,1,7
650,Trader,47,48,574.6564271233209,1,7
651,Trader,47,49,576.5270583997441,1,7
652,Trader,47,50,568.1337169381159,2,7
653,Trader,47,51,569.9904256975772,2,7
654,Trader,47,52,566.45439648063,1,7
655,Trader,47,53,568.0096882986159,1,7
656,Trader,47,54,559.3530579037023,2,7
657,Trader,47,55,550.2286488096748,0,7
658,Trader,47,56,549.7622240900346,1,7
659,Trader,47,57,541.0441596902798,1,8
660,Trader,47,58,542.9450566242534,1,8
661,Trader,47,59,544.3597863230924,1,8
662,Trader,47,60,545.1419314741539,1,8
663,Trader,47,61,538.839781487753,0,8
664,Trader,47,62,543.3340479716952,1,8
665,Trader,47,63,532.6940468367018,2,8
666,Trader,47,64,529.3012561281201,1,8
667,Trader,47,65,530.4512527748676,1,8
668,Trader,47,66,531.3798627892037,1,8
669,Trader,47,67,532.3610589043996,1,8
670,Trader,47,68,532.8909956326842,1,8
671,Trader,47,69,521.8718000529736,2,8
672,Trader,47,70,522.6686258099531,2,8
673,Trader,47,71,518.3548041868135,1,8
674,Trader,47,72,519.0839788134897,1,8
675,Trader,47,73,519.5520167968566,1,8
676,Trader,47,74,520.0651593982403,1,8
677,Trader,47,75,509.27843256824326,2,8
678,Trader,47,76,503.71031956888515,0,8
679,Trader,47,77,493.15121269048564,1,8
680,Trader,47,78,493.98652920047755,1,8
681,Trader,47,79,471.20895956190486,2,9
682,Trader,47,80,459.10151477496146,1,9
683,Trader,47,81,439.17748664937915,0,9
684,Trader,47,82,429.15850095364317,2,9
685,Trader,47,83,430.40648218757,2,9
686,Trader,47,84,431.55505176062354,2,9
687,Trader,47,85,432.2987210494725,2,9
688,Trader,47,86,432.9487797044208,2,9
689,Trader,47,87,433.60431212057256,2,9
690,Trader,47,88,434.3209958312833,2,9
691,Trader,47,89,427.4742534929555,0,9
692,Trader,47,90,431.8885701426391,0,9
693,Trader,47,91,433.42732400445647,0,9
694,Trader,47,92,429.07887398716804,1,9
695,Trader,47,93,419.408078234185,1,10
696,Trader,47,94,406.02917513209405,2,10
697,Trader,47,95,407.3365934714699,2,10
698,Trader,47,96,401.989830675631,1,10
699,Trader,47,97,402.60605717970304,1,10
700,Trader,47,98,403.35794599918756,1,10
701,Trader,47,99,404.02088769991275,1,10
702,Trader,47,100,404.5968458782306,1,10
703,Trader,47,101,396.7218965745684,0,10
704,Trader,47,102,395.36134014443184,1,10
705,Trader,47,103,381.5882181969012,2,10
706,Trader,47,104,382.5994657719197,2,10
707,Trader,47,105,375.0095556699766,0,10
708,Trader,47,106,368.0329442414275,2,10
709,Trader,47,107,368.94760967064826,2,10
710,Trader,47,108,363.6960998621259,1,10
711,Trader,47,109,356.00755212348326,0,10
712,Trader,47,110,349.7932416861738,2,10
713,Trader,47,111,350.970818754906,2,10
714,Trader,47,112,352.1960286838639,2,10
715,Trader,47,113,346.882256729977,1,10
716,Trader,47,114,333.20097545523623,2,10
717,Trader,47,115,319.3251080927902,0,10
718,Trader,47,116,327.0324183117912,0,10
719,Trader,47,117,331.28498481086064,0,10
720,Trader,47,118,314.6893407468942,1,10
721,Trader,47,119,300.9305668291321,2,10
722,Trader,47,120,302.05693907514467,2,10
723,Trader,47,121,296.69621487977605,1,10
724,Trader,47,122,297.2071234819689,1,10
725,Trader,47,123,297.77174573230326,1,10
726,Trader,47,124,298.31406519883836,1,10
727,Trader,47,125,290.41081891621843,0,10
728,Trader,47,126,280.687481448097,2,10
729,Trader,47,127,275.20468454748004,1,10
730,Trader,47,128,275.6893462641622,1,10
731,Trader,47,129,275.9748106949416,1,10
732,Trader,47,130,267.8889870361791,0,10
733,Trader,47,131,271.55657857167216,0,10
734,Trader,47,132,268.83806329629437,1,10
735,Trader,47,133,269.18464372807864,1,10
736,Trader,47,134,269.50846058948554,1,10
737,Trader,47,135,255.60664631691932,2,10
738,Trader,47,136,256.5118714529935,2,10
739,Trader,47,137,257.3158990129045,2,10
740,Trader,47,138,251.83960639811173,1,10
741,Trader,47,139,252.11164599392347,1,10
742,Trader,47,140,238.19572258733012,2,10
743,Trader,47,141,230.326706001436,0,10
744,Trader,47,142,229.6971759867181,1,10
745,Trader,47,143,230.09629206230758,1,10
746,Trader,47,144,216.2567846628946,2,10
747,Trader,47,145,216.80666051641165,2,10
748,Trader,47,146,217.3413682770027,2,10
749,Trader,47,147,217.78851097312986,2,10
750,Trader,47,148,212.03168509786184,1,10
751,Trader,47,149,212.26482120447793,1,10
752,Trader,47,150,198.2884324542018,2,10
753,Trader,47,151,190.29529250740654,0,10
754,Trader,47,152,201.2772591212316,0,10
755,Trader,47,153,201.97317386138403,1,10
756,Trader,47,154,202.43328452497255,1,10
757,Trader,47,155,180.31299620281672,0,10
758,Trader,47,156,182.04609803778172,1,10
759,Trader,47,157,168.26340461784378,2,10
760,Trader,47,158,169.005771215719,2,10
761,Trader,47,159,163.522891514731,1,10
762,Trader,47,160,164.08376602520877,1,10
763,Trader,47,161,164.4607234621041,1,10
764,Trader,47,162,164.82759526321783,1,10
765,Trader,47,163,165.0643229292127,1,10
766,Trader,47,164,165.20775982493547,1,10
767,Trader,47,165,165.41012528903863,1,10
768,Trader,47,166,165.55032485885508,1,10
769,Trader,47,167,165.68894806825134,1,10
770,Trader,47,168,165.82589167735952,1,10
771,Trader,47,169,165.9616861612173,1,10
772,Trader,47,170,166.09663742484528,1,10
773,Trader,47,171,166.2309348766395,1,10
774,Trader,47,172,166.3647065080989,1,10
775,Trader,47,173,166.4928556636774,1,10
776,Trader,47,174,166.6159933811756,1,10
777,Trader,47,175,166.73462233858854,1,10
778,Trader,47,176,152.6431732769193,2,10
779,Trader,47,177,153.07312329037512,2,10
780,Trader,47,178,147.33553283213342,1,10
781,Trader,47,179,147.57043165924247,1,10
782,Trader,47,180,147.80189576208636,1,10
783,Trader,47,181,147.9810853125074,1,10
784,Trader,47,182,133.88765016789714,2,10
785,Trader,47,183,134.35498938158486,2,10
786,Trader,47,184,134.85022947045186,2,10
787,Trader,47,185,135.31029179819606,2,10
788,Trader,47,186,135.70738682600964,2,10
789,Trader,47,187,129.95438133957478,1,10
790,Trader,47,188,130.19206507699062,1,10
791,Trader,47,189,130.42270249753568,1,10
792,Trader,47,190,116.47487466327091,2,10
793,Trader,47,191,116.99539202482872,2,10
794,Trader,47,192,117.51344244462263,2,10
795,Trader,47,193,118.04910716338004,2,10
796,Trader,47,194,118.49643767599545,2,10
797,Trader,47,195,118.96748846301935,2,10
798,Trader,47,196,113.28029090850409,1,10
799,Trader,47,197,113.57572715767814,1,10
800,Trader,47,198,113.87173432884306,1,10
801,Trader,47,199,114.16840856823303,1,10
802,Trader,47,200,114.46583204895634,1,10
803,Trader,47,201,114.76408733600336,1,10
804,Trader,47,202,115.06325748386257,1,10
805,Trader,47,203,115.344086416464,1,10
806,Trader,47,204,115.47958016665865,1,10
807,Trader,47,205,115.6119591746856,1,10
808,Trader,47,206,115.74146109304131,1,10
809,Trader,47,207,115.86830048504639,1,10
810,Trader,47,208,115.99829951534254,1,10
811,Trader,47,209,116.12939418142373,1,10
812,Trader,47,210,116.26163044208242,1,10
813,Trader,47,211,116.39132372621023,1,10
814,Trader,47,212,116.51866516093435,1,10
815,Trader,47,213,116.64924808012861,1,10
816,Trader,47,214,116.78320631674194,1,10
817,Trader,47,215,116.92069567585557,1,10
818,Trader,47,216,117.0595806205001,1,10
819,Trader,47,217,117.19991533418315,1,10
820,Trader,47,218,117.34175043713991,1,10
821,Trader,47,219,117.48513818191368,1,10
822,Trader,47,220,117.63013253639558,1,10
823,Trader,47,221,117.776789284451,1,10
824,Trader,47,222,117.92516613263402,1,10
825,Trader,47,223,118.07111072136979,1,10
826,Trader,47,224,118.2148058709958,1,10
827,Trader,47,225,118.35641018181114,1,10
828,Trader,47,226,118.49600096646554,1,10
829,Trader,47,227,118.6328365301354,1,10
830,Trader,47,228,118.76707198859835,1,10
831,Trader,47,229,118.89882088641892,1,10
832,Trader,47,230,119.02818972545683,1,10
833,Trader,47,231,104.9492784463152,2,10
834,Trader,47,232,105.50534215261938,2,10
835,Trader,47,233,106.0385246463447,2,10
836,Trader,47,234,106.57446187780901,2,10
837,Trader,47,235,107.11299169257939,2,10
838,Trader,47,236,107.65413667277448,2,10
839,Trader,47,237,108.19791831274097,2,10
840,Trader,47,238,108.74435836068075,2,10
841,Trader,47,239,109.29347881425204,2,10
842,Trader,47,240,109.84528668437643,2,10
843,Trader,47,241,110.39978559472875,2,10
844,Trader,47,242,110.95699717866198,2,10
845,Trader,47,243,111.51694324127489,2,10
846,Trader,47,244,112.0796458175696,2,10
847,Trader,47,245,112.64512717638064,2,10
848,Trader,47,246,113.21340982456186,2,10
849,Trader,47,247,113.78451651126825,2,10
850,Trader,47,248,114.35847023233575,2,10
851,Trader,47,249,114.93529423476201,2,10
852,Trader,47,250,115.51501202129072,2,10
853,Trader,47,251,116.09764735510274,2,10
854,Trader,47,252,116.6832242646169,2,10
855,Trader,47,253,117.27176704840373,2,10
856,Trader,47,254,117.86330028021537,2,10
857,Trader,47,255,118.45784881413516,2,10
858,Trader,47,256,119.05543778985019,2,10
859,Trader,47,257,119.65609263805074,2,10
860,Trader,47,258,120.25983908596014,2,10
861,Trader,47,259,120.86670316299902,2,10
862,Trader,47,260,121.47671120658805,2,10
863,Trader,47,261,122.08988986809325,2,10
864,Trader,47,262,122.70626611891822,2,10
865,Trader,47,263,123.32586725674784,2,10
866,Trader,47,264,123.94872091194806,2,10
867,Trader,47,265,124.57485505412639,2,10
868,Trader,47,266,125.11514553974446,2,10
869,Trader,47,267,125.43249875864481,2,10
870,Trader,47,268,125.75155095440554,2,10
871,Trader,47,269,126.07231709026904,2,10
872,Trader,47,270,126.39481232213943,2,10
873,Trader,47,271,126.71905200253286,2,10
874,Trader,47,272,127.04505168463164,2,10
875,Trader,47,273,127.37282712644576,2,10
876,Trader,47,274,127.69552393508609,2,10
877,Trader,47,275,128.012160809789,2,10
878,Trader,47,276,128.3230035435217,2,10
879,Trader,47,277,128.62829273954497,2,10
880,Trader,47,278,128.92825484396835,2,10
881,Trader,47,279,129.22310315598264,2,10
882,Trader,47,280,129.5130388127856,2,10
883,Trader,47,281,129.79825168460277,2,10
884,Trader,47,282,130.07892118981547,2,10
885,Trader,47,283,130.35521703851128,2,10
886,Trader,47,284,130.62729991179347,2,10
887,Trader,47,285,130.8953220833308,2,10
888,Trader,47,286,131.15942798888625,2,10
889,Trader,47,287,131.4263078300922,2,10
890,Trader,47,288,131.69596514825923,2,10
891,Trader,47,289,131.96844539889727,2,10
892,Trader,47,290,132.24379487944734,2,10
893,Trader,47,291,132.52206102041995,2,10
894,Trader,47,292,132.80329242249462,2,10
895,Trader,47,293,133.08025798762625,2,10
896,Trader,47,294,133.3531564321992,2,10
897,Trader,47,295,133.6221302234857,2,10
898,Trader,47,296,133.88731500400547,2,10
899,Trader,47,297,134.14883973992596,2,10
900,Trader,47,298,134.40682714892523,2,10
901,Trader,47,299,128.5013940929558,1,10
902,Trader,47,300,128.73209163468647,1,10
903,ML_Expander,45,0,488.4357,3,1
904,ML_Expander,45,1,500.82422935680154,3,1
905,ML_Expander,45,2,506.03733580907937,3,1
906,ML_Expander,45,3,513.8268045916976,3,1
907,ML_Expander,45,4,521.6223913657865,3,1
908,ML_Expander,45,5,526.4213935678349,3,1
909,ML_Expander,45,6,533.1763362922014,3,1
910,ML_Expander,45,7,536.6217888978833,3,1
911,ML_Expander,45,8,543.1674901231801,0,1
912,ML_Expander,45,9,532.68720168277,3,2
913,ML_Expander,45,10,560.251728093905,0,2
914,ML_Expander,45,11,568.9687120238218,3,2
915,ML_Expander,45,12,574.7454641820132,3,2
916,ML_Expander,45,13,577.6219570998434,3,2
917,ML_Expander,45,14,581.040196903025,0,2
918,ML_Expander,45,15,590.4673978456657,3,2
919,ML_Expander,45,16,601.5447338965148,3,2
920,ML_Expander,45,17,611.3220534416093,3,2
921,ML_Expander,45,18,614.094624566443,3,2
922,ML_Expander,45,19,614.5860867611696,0,2
923,ML_Expander,45,20,614.1112622247871,3,2
924,ML_Expander,45,21,619.975627304534,3,2
925,ML_Expander,45,22,626.3854477782357,3,2
926,ML_Expander,45,23,636.4425262109818,0,2
927,ML_Expander,45,24,635.1685101585264,3,2
928,ML_Expander,45,25,641.204244764553,3,2
929,ML_Expander,45,26,644.3470933614482,3,2
930,ML_Expander,45,27,648.3937987988456,3,2
931,ML_Expander,45,28,657.4277195313434,3,2
932,ML_Expander,45,29,661.7918053436073,3,2
933,ML_Expander,45,30,663.2796632206101,0,2
934,ML_Expander,45,31,650.0104313924102,3,3
935,ML_Expander,45,32,644.8869643276217,3,4
936,ML_Expander,45,33,647.9258269978799,3,4
937,ML_Expander,45,34,650.8146846629975,3,4
938,ML_Expander,45,35,653.5025477700425,3,4
939,ML_Expander,45,36,656.0185819536766,3,4
940,ML_Expander,45,37,658.3065894184597,3,4
941,ML_Expander,45,38,660.3563138727815,3,4
942,ML_Expander,45,39,662.1705842601293,3,4
943,ML_Expander,45,40,663.7648704812877,3,4
944,ML_Expander,45,41,665.1629903535264,3,4
945,ML_Expander,45,42,666.3844597638765,3,4
946,ML_Expander,45,43,667.4543119482861,3,4
947,ML_Expander,45,44,668.3936985298163,3,4
948,ML_Expander,45,45,669.2211056196023,3,4
949,ML_Expander,45,46,669.9528664216352,3,4
950,ML_Expander,45,47,670.6085775710117,3,4
951,ML_Expander,45,48,671.1968688163527,3,4
952,ML_Expander,45,49,671.7257880845319,3,4
953,ML_Expander,45,50,672.2025328105276,3,4
954,ML_Expander,45,51,672.6334498429692,3,4
955,ML_Expander,45,52,673.0240887137314,3,4
956,ML_Expander,45,53,673.3792765214963,3,4
957,ML_Expander,45,54,673.703202158271,3,4
958,ML_Expander,45,55,673.9994941454145,3,4
959,ML_Expander,45,56,674.2712957787151,3,4
960,ML_Expander,45,57,674.5213354650599,3,4
961,ML_Expander,45,58,674.7519830548472,3,4
962,ML_Expander,45,59,674.9653018680353,3,4
963,ML_Expander,45,60,675.1630922481122,3,4
964,ML_Expander,45,61,675.3469290048823,3,4
965,ML_Expander,45,62,675.5954516844982,3,4
966,ML_Expander,45,63,675.7559497371915,3,4
967,ML_Expander,45,64,675.9065715544015,3,4
968,ML_Expander,45,65,676.047756563202,3,4
969,ML_Expander,45,66,676.1803603827517,3,4
970,ML_Expander,45,67,676.305137162328,3,4
971,ML_Expander,45,68,676.4227587081853,3,4
972,ML_Expander,45,69,676.5338249161641,3,4
973,ML_Expander,45,70,676.6388727882111,3,4
974,ML_Expander,45,71,676.7383841777179,3,4
975,ML_Expander,45,72,676.8327924600331,3,4
976,ML_Expander,45,73,676.9224882904938,3,4
977,ML_Expander,45,74,677.0078245874611,3,4
978,ML_Expander,45,75,677.0891208548336,3,4
979,ML_Expander,45,76,677.1666669407465,3,4
980,ML_Expander,45,77,677.240726313846,3,4
981,ML_Expander,45,78,677.3115389258081,3,4
982,ML_Expander,45,79,677.379323718135,3,4
983,ML_Expander,45,80,677.4442808224827,3,4
984,ML_Expander,45,81,677.5065934962939,3,4
985,ML_Expander,45,82,677.5664298293138,3,4
986,ML_Expander,45,83,677.6239442513296,3,4
987,ML_Expander,45,84,677.6792788670741,3,4
988,ML_Expander,45,85,677.7325646405194,3,4
989,ML_Expander,45,86,677.7839224476446,3,4
990,ML_Expander,45,87,677.8334640141022,3,4
991,ML_Expander,45,88,677.8812927519473,3,4
992,ML_Expander,45,89,677.9275045076716,3,4
993,ML_Expander,45,90,677.9721882321467,3,4
994,ML_Expander,45,91,678.0154265816757,3,4
995,ML_Expander,45,92,678.0572964581592,3,4
996,ML_Expander,45,93,678.0978694953473,3,4
997,ML_Expander,45,94,678.1372124972661,3,4
998,ML_Expander,45,95,678.1753878341462,3,4
999,ML_Expander,45,96,678.2124538005193,3,4
1000,ML_Expander,45,97,678.2484649395825,3,4
1001,ML_Expander,45,98,678.283472337436,3,4
1002,ML_Expander,45,99,678.3175238903691,3,4
1003,ML_Expander,45,100,678.3506645480005,3,4
1004,ML_Expander,45,101,678.382936534751,3,4
1005,ML_Expander,45,102,678.4143795518448,3,4
1006,ML_Expander,45,103,678.4450309617866,3,4
1007,ML_Expander,45,104,678.4749259570463,3,4
1008,ML_Expander,45,105,678.5040977144893,3,4
1009,ML_Expander,45,106,678.5325775369266,3,4
1010,ML_Expander,45,107,678.5603949830081,3,4
1011,ML_Expander,45,108,678.5875779865543,3,4
1012,ML_Expander,45,109,678.614152966306,3,4
1013,ML_Expander,45,110,678.6401449269715,3,4
1014,ML_Expander,45,111,678.6655775523562,3,4
1015,ML_Expander,45,112,678.6904732912873,3,4
1016,ML_Expander,45,113,678.7148534369666,3,4
1017,ML_Expander,45,114,678.7387382003296,3,4
1018,ML_Expander,45,115,678.7621467779258,3,4
1019,ML_Expander,45,116,678.7850974147892,3,4
1020,ML_Expander,45,117,678.8076074627236,3,4
1021,ML_Expander,45,118,678.8296934343828,3,4
1022,ML_Expander,45,119,678.8513710534951,3,4
1023,ML_Expander,45,120,678.8726553015465,3,4
1024,ML_Expander,45,121,678.8935604612085,3,4
1025,ML_Expander,45,122,678.9141001567705,3,4
1026,ML_Expander,45,123,678.9342873918139,3,4
1027,ML_Expander,45,124,678.9541345843444,3,4
1028,ML_Expander,45,125,678.9736535995777,3,4
1029,ML_Expander,45,126,678.9928557805597,3,4
1030,ML_Expander,45,127,679.0117519767851,3,4
1031,ML_Expander,45,128,679.0303525709643,3,4
1032,ML_Expander,45,129,679.0486675040756,3,4
1033,ML_Expander,45,130,679.0667062988314,3,4
1034,ML_Expander,45,131,679.0844780816699,3,4
1035,ML_Expander,45,132,679.1019916033823,3,4
1036,ML_Expander,45,133,679.119255258471,3,4
1037,ML_Expander,45,134,679.136277103328,3,4
1038,ML_Expander,45,135,679.1530648733188,3,4
1039,ML_Expander,45,136,679.1696259988445,3,4
1040,ML_Expander,45,137,679.185967620454,3,4
1041,ML_Expander,45,138,679.2020966030716,3,4
1042,ML_Expander,45,139,679.2180195493976,3,4
1043,ML_Expander,45,140,679.2337428125392,3,4
1044,ML_Expander,45,141,679.2492725079214,3,4
1045,ML_Expander,45,142,679.2646145245261,3,4
1046,ML_Expander,45,143,679.2797745355015,3,4
1047,ML_Expander,45,144,679.2947580081844,3,4
1048,ML_Expander,45,145,679.3095702135716,3,4
1049,ML_Expander,45,146,679.3242162352755,3,4
1050,ML_Expander,45,147,679.3387009779962,3,4
1051,ML_Expander,45,148,679.353029175541,3,4
1052,ML_Expander,45,149,679.3672053984182,3,4
1053,ML_Expander,45,150,679.3812340610313,3,4
1054,ML_Expander,45,151,679.3951194284988,3,4
1055,ML_Expander,45,152,679.4088656231213,3,4
1056,ML_Expander,45,153,679.4224766305168,3,4
1057,ML_Expander,45,154,679.4359563054446,3,4
1058,ML_Expander,45,155,679.4493083773353,3,4
1059,ML_Expander,45,156,679.4625364555449,3,4
1060,ML_Expander,45,157,679.4756440343473,3,4
1061,ML_Expander,45,158,679.4886344976827,3,4
1062,ML_Expander,45,159,679.5015111236733,3,4
1063,ML_Expander,45,160,679.5142770889205,3,4
1064,ML_Expander,45,161,679.5269354725964,3,4
1065,ML_Expander,45,162,676.1782892603399,0,4
1066,ML_Expander,45,163,676.8744543441144,0,4
1067,ML_Expander,45,164,677.8784582300051,0,4
1068,ML_Expander,45,165,679.2177299492588,0,4
1069,ML_Expander,45,166,680.7697013238779,0,4
1070,ML_Expander,45,167,682.4562267268249,0,4
1071,ML_Expander,45,168,684.2265455051869,0,4
1072,ML_Expander,45,169,686.0473105523591,0,4
1073,ML_Expander,45,170,687.8947210627922,0,4
1074,ML_Expander,45,171,689.7500229088895,0,4
1075,ML_Expander,45,172,691.5972930511334,0,4
1076,ML_Expander,45,173,693.422501332613,0,4
1077,ML_Expander,45,174,695.2132187390725,0,4
1078,ML_Expander,45,175,696.9586140488169,0,4
1079,ML_Expander,45,176,698.6495420564444,0,4
1080,ML_Expander,45,177,700.2786199395262,0,4
1081,ML_Expander,45,178,701.8402441599432,0,4
1082,ML_Expander,45,179,703.3305342443589,0,4
1083,ML_Expander,45,180,704.7472096353044,0,4
1084,ML_Expander,45,181,706.08941590386,0,4
1085,ML_Expander,45,182,707.3631077912033,0,4
1086,ML_Expander,45,183,708.596908133461,0,4
1087,ML_Expander,45,184,709.7836679150348,0,4
1088,ML_Expander,45,185,710.919779012643,0,4
1089,ML_Expander,45,186,712.0032420877835,0,4
1090,ML_Expander,45,187,713.0333583694204,0,4
1091,ML_Expander,45,188,714.0104332157755,0,4
1092,ML_Expander,45,189,714.9355284596347,0,4
1093,ML_Expander,45,190,715.8102579291372,0,4
1094,ML_Expander,45,191,716.6366211148168,0,4
1095,ML_Expander,45,192,717.4168699044886,0,4
1096,ML_Expander,45,193,718.15340352425,0,4
1097,ML_Expander,45,194,718.8486871815777,0,4
1098,ML_Expander,45,195,719.5051903426391,0,4
1099,ML_Expander,45,196,720.1253410476052,0,4
1100,ML_Expander,45,197,720.7114931443749,0,4
1101,ML_Expander,45,198,721.2659037808111,0,4
1102,ML_Expander,45,199,721.790718923308,0,4
1103,ML_Expander,45,200,722.2879650560333,0,4
1104,ML_Expander,45,201,722.7595455559206,0,4
1105,ML_Expander,45,202,723.2072405325491,0,4
1106,ML_Expander,45,203,723.6327091711382,0,4
1107,ML_Expander,45,204,724.0374938244569,0,4
1108,ML_Expander,45,205,724.4230252699099,0,4
1109,ML_Expander,45,206,724.7906286862078,0,4
1110,ML_Expander,45,207,725.1415300146301,0,4
1111,ML_Expander,45,208,725.4768624574438,0,4
1112,ML_Expander,45,209,725.7976729345901,0,4
1113,ML_Expander,45,210,726.1049283728514,0,4
1114,ML_Expander,45,211,726.3995217423794,0,4
1115,ML_Expander,45,212,726.6822777862614,0,4
1116,ML_Expander,45,213,726.9539584118041,0,4
1117,ML_Expander,45,214,727.2152677291488,0,4
1118,ML_Expander,45,215,727.4668567350491,0,4
1119,ML_Expander,45,216,727.7093276482734,0,4
1120,ML_Expander,45,217,727.943237908966,0,4
1121,ML_Expander,45,218,728.1691038581245,0,4
1122,ML_Expander,45,219,728.3874041156384,0,4
1123,ML_Expander,45,220,728.5985826764952,0,4
1124,ML_Expander,45,221,728.8030517451125,0,4
1125,ML_Expander,45,222,729.0011943275365,0,4
1126,ML_Expander,45,223,729.1933666006327,0,4
1127,ML_Expander,45,224,729.3799000765235,0,4
1128,ML_Expander,45,225,729.561103579502,0,4
1129,ML_Expander,45,226,729.7372650515346,0,4
1130,ML_Expander,45,227,729.9086532013264,0,4
1131,ML_Expander,45,228,730.075519010777,0,4
1132,ML_Expander,45,229,730.2380971115522,0,4
1133,ML_Expander,45,230,730.3966070434324,0,4
1134,ML_Expander,45,231,730.5512544051015,0,4
1135,ML_Expander,45,232,730.7022319070979,0,4
1136,ML_Expander,45,233,730.8497203357799,0,4
1137,ML_Expander,45,234,730.9938894363568,0,4
1138,ML_Expander,45,235,731.1348987222925,0,4
1139,ML_Expander,45,236,731.2728982177186,0,4
1140,ML_Expander,45,237,731.4080291388694,0,4
1141,ML_Expander,45,238,731.5404245199959,0,4
1142,ML_Expander,45,239,731.6702097887004,0,4
1143,ML_Expander,45,240,731.7975032951738,0,4
1144,ML_Expander,45,241,731.9224167993938,0,4
1145,ML_Expander,45,242,732.0450559199664,0,4
1146,ML_Expander,45,243,732.1655205479469,0,4
1147,ML_Expander,45,244,732.2839052286666,0,4
1148,ML_Expander,45,245,732.4002995143109,0,4
1149,ML_Expander,45,246,732.51478828974,0,4
1150,ML_Expander,45,247,732.6274520738161,0,4
1151,ML_Expander,45,248,732.7383672982907,0,4
1152,ML_Expander,45,249,732.847606566121,0,4
1153,ML_Expander,45,250,732.9552388909167,0,4
1154,ML_Expander,45,251,733.0613299190595,0,4
1155,ML_Expander,45,252,733.1659421359074,0,4
1156,ML_Expander,45,253,733.2691350573633,0,4
1157,ML_Expander,45,254,733.370965407981,0,4
1158,ML_Expander,45,255,733.4714872866725,0,4
1159,ML_Expander,45,256,733.570752320994,0,4
1160,ML_Expander,45,257,733.6688098108972,0,4
1161,ML_Expander,45,258,733.7657068627647,0,4
1162,ML_Expander,45,259,733.8614885144681,0,4
1163,ML_Expander,45,260,733.9561978521356,0,4
1164,ML_Expander,45,261,734.0498761192493,0,4
1165,ML_Expander,45,262,734.1425628186486,0,4
1166,ML_Expander,45,263,734.2342958079606,0,4
1167,ML_Expander,45,264,734.3251113889442,0,4
1168,ML_Expander,45,265,734.4150443911858,0,4
1169,ML_Expander,45,266,734.504128250559,0,4
1170,ML_Expander,45,267,734.592395082818,0,4
1171,ML_Expander,45,268,734.6798757526735,0,4
1172,ML_Expander,45,269,734.7665999386656,0,4
1173,ML_Expander,45,270,734.8525961941294,0,4
1174,ML_Expander,45,271,734.93789200452,0,4
1175,ML_Expander,45,272,735.0225138413504,0,4
1176,ML_Expander,45,273,735.1064872129682,0,4
1177,ML_Expander,45,274,735.189836712388,0,4
1178,ML_Expander,45,275,735.2725860623727,0,4
1179,ML_Expander,45,276,735.3547581579492,0,4
1180,ML_Expander,45,277,735.4363751065242,0,4
1181,ML_Expander,45,278,735.5174582657595,0,4
1182,ML_Expander,45,279,735.5980282793482,0,4
1183,ML_Expander,45,280,735.6781051108302,0,4
1184,ML_Expander,45,281,735.7577080755685,0,4
1185,ML_Expander,45,282,735.8368558710044,0,4
1186,ML_Expander,45,283,735.9155666052986,0,4
1187,ML_Expander,45,284,735.9938578244579,0,4
1188,ML_Expander,45,285,736.0717465380426,0,4
1189,ML_Expander,45,286,736.1492492435393,0,4
1190,ML_Expander,45,287,736.2263819494821,0,4
1191,ML_Expander,45,288,736.3031601973953,0,4
1192,ML_Expander,45,289,736.3795990826308,0,4
1193,ML_Expander,45,290,736.4557132741628,0,4
1194,ML_Expander,45,291,736.5315170334048,0,4
1195,ML_Expander,45,292,736.6070242321018,0,4
1196,ML_Expander,45,293,736.6822483693552,0,4
1197,ML_Expander,45,294,736.7572025878283,0,4
1198,ML_Expander,45,295,736.8318996891797,0,4
1199,ML_Expander,45,296,736.9063521487694,0,4
1200,ML_Expander,45,297,736.9805721296771,0,4
1201,ML_Expander,45,298,737.0545714960722,0,4
1202,ML_Expander,45,299,737.1283618259725,0,4
1203,ML_Expander,45,300,737.2019544234236,0,4
